Date,Facility,Total Transactions,Transponder Transactions,Percentage of Transponder Transactions,Comments,Location
10/30/2012 12:00:00 AM,BHT,"2,058,354","1,453,375",70.6%,,"1200 Frankfurst Avenue
Baltimore, MD 21226
(39.2400060564831, -76.58915553905152)"
07/31/2012 12:00:00 AM,FMT,"4,106,681","2,781,129",69.41%,,"900 Leland Avenue
Baltimore, MD 21224
(39.2661, -76.61575)"
07/31/2012 12:00:00 AM,FSK,"1,015,814","749,688",73.8%,,"303 Authority Drive
Baltimore, MD 21222
(39.230495, -76.510661)"
08/31/2012 12:00:00 AM,FSK,"1,104,125","832,071",75.36%,,"303 Authority Drive
Baltimore, MD 21222
(39.230495, -76.510661)"
08/31/2012 12:00:00 AM,HMB,"461,001","275,968",59.86%,,"6000 Pulaski Highway
Perryville, MD 21903
(39.567807, -76.073059)"
08/31/2012 12:00:00 AM,ICC,"1,423,802",,,"Transponder Data not yet available.  Previously reported transactions of 1,326,547 was updated in September to 1,423,802 ","16902 Crabbs Branch Way
Rockville, MD 20855
(39.122199, -77.188097)"
08/31/2012 12:00:00 AM,JFK,"1,446,594","905,288",62.58%,,"1 Turnpike Drive
Perryville, MD 21903
(39.589249, -76.072845)"
08/31/2012 12:00:00 AM,HWN,"326,955","155,387",47.53%,,"9665 Orland Park Road
Newburg, MD 20664
(38.364741, -76.9761)"
08/31/2012 12:00:00 AM,BHT,"1,849,657","1,218,709",65.89%,,"1200 Frankfurst Avenue
Baltimore, MD 21226
(39.240612, -76.587157)"
10/30/2012 12:00:00 AM,HMB,"413,718","372,965",90.15%,,"6000 Pulaski Highway
Perryville, MD 21903
(39.567807, -76.073059)"
10/30/2012 12:00:00 AM,JFK,"1,119,693","737,676",65.88%,,"1 Turnpike Drive
Perryville, MD 21903
(39.589249, -76.072845)"
10/30/2012 12:00:00 AM,ICC,"1,337,834",,,Transponder Data not yet available ,"16902 Crabbs Branch Way
Rockville, MD 20855
(39.122199, -77.188097)"
10/30/2012 12:00:00 AM,FMT,"3,590,369","2,574,313",71.7%,,"3990 Leland Avenue
Baltimore, MD 21224
(39.2661, -76.561575)"
08/31/2012 12:00:00 AM,FMT,"4,295,531","2,989,977",69.61%,,"3990 Leland Avenue
Baltimore, MD 21224
(39.2661, -76.561575)"
08/31/2012 12:00:00 AM,BAY,"1,329,172","797,017",59.96%,,"850 Revell Highway
Annapolis, MD 21409
(39.01338, -76.406716)"
07/31/2012 12:00:00 AM,BHT,"1,852,460","1,201,863",64.88%,,"1200 Frankfurst Avenue
Baltimore, MD 21226
(39.240612, -76.587157)"
07/31/2012 12:00:00 AM,HMB,"437,952","224,534",51.27%,,"6000 Pulaski Highway
Perryville, MD 21903
(39.567807, -76.073059)"
07/31/2012 12:00:00 AM,JFK,"1,428,001","866,641",60.69%,,"1 Turnpike Drive
Perryville, MD 21903
(39.589249, -76.072845)"
07/31/2012 12:00:00 AM,ICC,"1,379,962",,,Transponder Data not yet available,"16902 Crabbs Branch Way
Rockville, MD 20855
(39.122199, -77.188097)"
07/31/2012 12:00:00 AM,BAY,"1,309,632","758,737",57.94%,,"850 Revell Highway
Annapolis, MD 21409
(39.01338, -76.406716)"
07/31/2012 12:00:00 AM,HWN,"312,519","142,914",45.73%,,"9665 Orland Park Road
Newberg, MD 20664
(38.364741, -76.9761)"
10/30/2012 12:00:00 AM,FSK,"904,081","694,016",76.76%,,"303 Authority Drive
Baltimore, MD 21222
(39.230495, -76.510661)"
10/30/2012 12:00:00 AM,BAY,"1,016,962","668,287",65.71%,,"850 Revell Highway
Annapolis, MD 21409
(39.01338, -76.406716)"
11/30/2012 12:00:00 AM,ICC,"1,298,832",,,Transponder Data not yet available,"16902 Crabbs Branch Way
Rockville, MD 20855
(39.122199, -77.188097)"
11/30/2012 12:00:00 AM,HMB,"406,817","370,154",90.98%,,"6000 Pulaski Hwy
Perryville, MD 21903
(39.567807, -76.073059)"
11/30/2012 12:00:00 AM,JFK,"1,215,121","793,259",65.28%,,"1 Turnpike Drive
Perryville, MD 21903
(39.567807, -76.073059)"
11/30/2012 12:00:00 AM,BAY,"1,015,569","666,982",65.67%,,"850 Revell Hwy
Annapolis, MD 21409
(39.01338, -76.406716)"
11/30/2012 12:00:00 AM,FSK,"882,629","675,219",76.5%,,"303 Authority Drive
Baltimore, MD 21222
(39.230495, -76.510661)"
11/30/2012 12:00:00 AM,BHT,"2,082,690","1,453,366",69.78%,,"1200 Frankfurst Ave
Baltimore, MD 21226
(39.240612, -76.587157)"
11/30/2012 12:00:00 AM,HWN,"270,300","134,422",49.73%,,"9665 Orland Park Rd
Newburg, MD 20664
(38.364741, -76.9761)"
10/30/2012 12:00:00 AM,HWN,"261,408","134,616",51.5%,,"9665 Orland Park Road
Newburg, MD 20664
(38.364741, -76.9761)"
12/31/2012 12:00:00 AM,ICC,"1,248,111",,,Transponder Data not yet available,"16902 Crabbs Branch Way
Rockville, MD 20855
(39.122199, -77.188097)"
11/30/2012 12:00:00 AM,FMT,"3,576,610","2,533,760",70.84%,,"3990 Leland Ave
Balitmore, MD 21224
(39.2661, -76.561575)"
12/31/2012 12:00:00 AM,JFK,"1,230,582","796,655",64.73%,,"1 Turnpike
Perryville, MD 21903
(39.589249, -76.072845)"
12/31/2012 12:00:00 AM,HMB,"397,121","362,619",91.31%,,"6000 Pulaski Hwy
Perryville, MD 21903
(39.567807, -76.073059)"
12/31/2012 12:00:00 AM,BAY,"967,200","631,735",65.32%,,"850 Revell Hwy
Annapolis, MD 21409
(39.01338, -76.406716)"
12/31/2012 12:00:00 AM,HWN,"262,146","129,965",49.57%,,"9665 Orland Park Rd
Newburg, MD 20664
(38.364741, -76.9761)"
12/31/2012 12:00:00 AM,FMT,"3,547,140","2,475,261",69.78%,,"3990 Leland Ave
Baltimore, MD 21224
(39.2661, -76.561575)"
12/31/2012 12:00:00 AM,FSK,"830,769","627,105",75.48%,,"303 Authority Drive
Baltimore, MD 21222
(39.230495, -76.510661)"
12/31/2012 12:00:00 AM,BHT,"2,020,008","1,385,458",68.58%,,"1200 Frankfurst Ave
Baltimore, MD 21226
(39.240612, -76.587157)"
01/31/2013 12:00:00 AM,BHT,"1,970,446","1,419,393",72%,,"1200 Frankfurst Ave
Baltimore, MD 21226
(39.240612, -76.587157)"
01/31/2013 12:00:00 AM,FMT,"3,363,872","2,454,802",73%,,"3990 Leland Ave
Baltimore, MD 21224
(39.2661, -76.561575)"
01/31/2013 12:00:00 AM,FSK,"834,818","655,391",79%,,"303 Authority Drive
Baltimore, MD 21222
(39.230495, -76.510661)"
01/31/2013 12:00:00 AM,JFK,"994,133","673,143",68%,,"1 Turnpike Drive
Perryville, MD 21903
(39.589249, -76.072845)"
01/31/2013 12:00:00 AM,HMB,"390,081","362,869",93%,,"6000 Pulaski Highway
Perryville, MD 21903
(39.567807, -76.073059)"
01/31/2013 12:00:00 AM,WPL,"879,032","606,699",69%,,"850 Revell Highway
Annapolis, MD 21409
(39.01338, -76.406716)"
01/31/2013 12:00:00 AM,HWN,"221,539","123,474",56%,,"9665 Orland Park Rd
Newburg, MD 20664
(38.364741, -76.9761)"
01/31/2013 12:00:00 AM,ICC,"1,285,160",,,Transponder Data not yet available,"16902 Crabbs Branch Way
Rockville, MD 20855
(39.122199, -77.188097)"
02/28/2013 12:00:00 AM,FSK,"780,789","608,288",77.9%,,"303 Authority Drvie
Baltimore, MD 21222
(39.230495, -76.510661)"
02/28/2013 12:00:00 AM,ICC,"1,208,435",,,Transponder data not yet available,"16902 Crabbs Branch Way
Rockville, MD 20855
(39.122199, -77.188097)"
02/28/2013 12:00:00 AM,BHT,"1,840,110","1,318,425",71.6%,,"1200 Frankfurst Ave
Baltimore, MD 21226
(39.240612, -76.587157)"
02/28/2013 12:00:00 AM,FMT,"3,121,285","2,272,586",72.8%,,"3990 Leland Ave
Baltimore, MD 21224
(39.2661, -76.561575)"
02/28/2013 12:00:00 AM,JFK,"923,898","629,154",68%,,"1 Turnpike
Perryville, MD 21903
(39.589249, -76.072845)"
02/28/2013 12:00:00 AM,HMB,"365,577","340,141",93%,,"6000 Pulaski Highway
Perryville, MD 21903
(39.567807, -76.073059)"
02/28/2013 12:00:00 AM,WPL,"816,745","561,337",68.7%,,"850 Revell Highway
Annapolis, MD 21409
(39.01338, -76.406716)"
02/28/2013 12:00:00 AM,HWN,"210,094","116,955",55.7%,,"9665 Orland Park Road
Newburg, MD 20664
(38.364741, -76.9761)"
03/31/2013 12:00:00 AM,BHT,"1,840,110","1,318,425",71.65%,,"1200 Frankfurst Ave
Baltimore, MD 21226
(39.240612, -76.587157)"
03/31/2013 12:00:00 AM,FMT,"3,121,285","2,272,586",72.81%,,"3990 Leland Ave
Baltimore, MD 21224
(39.2661, -76.561575)"
03/31/2013 12:00:00 AM,FSK,"780,789","608,288",77.91%,,"303 Authority Drive
Baltimore, MD 21222
(39.230495, -76.510661)"
03/31/2013 12:00:00 AM,JFK,"923,898","629,154",68.1%,,"1 Turnpike
Perryville, MD 21903
(39.589249, -76.072845)"
03/31/2013 12:00:00 AM,HMB,"365,577","340,141",93.04%,,"6000 Pulaski Highway
Perryville, MD 21903
(39.567807, -76.073059)"
03/31/2013 12:00:00 AM,WPL,"816,745","561,337",68.73%,,"850 Revell Highway
Annapolis, MD 21409
(39.01338, -76.406716)"
03/31/2013 12:00:00 AM,HWN,"210,094","116,955",55.67%,,"9665 Orland Park Road
Newburg, MD 20664
(38.364741, -76.9761)"
03/31/2013 12:00:00 AM,ICC,"1,208,435",,,Transponder data not yet available,"16902 Crabbs Branch Way
Rockville, MD 20855
(39.122199, -76.188097)"
04/30/2013 12:00:00 AM,BHT,"2,111,694","1,499,099",71%,,"1200 Frankfurst Ave
Baltimore, MD 21226
(39.240612, -76.587157)"
04/30/2013 12:00:00 AM,FMT,"3,771,919","2,695,996",71.5%,,"3990 Leland Ave
Baltimore, MD 21224
(39.2661, -76.561575)"
04/30/2013 12:00:00 AM,FSK,"913,920","703,070",77%,,"303 Authority Drive
Baltimore, MD 21222
(39.230495, -76.510661)"
04/30/2013 12:00:00 AM,JFK,"1,245,475","830,351",66.7%,,"1 Turnpike
Perryville, MD 21903
(39.589249, -76.072845)"
04/30/2013 12:00:00 AM,HMB,"426,938","393,186",92%,,"6000 Pulaski Hwy
Perryville, MD 21903
(39.567807, -76.073059)"
04/30/2013 12:00:00 AM,HWN,"266,771","140,753",52.8%,,"9665 Orland Park Rd
Newburg, MD 20644
(38.364741, -76.9761)"
04/30/2013 12:00:00 AM,ICC,"1,491,737",,,Transponder data not available,"16902 Crabbs Branch Rd
Rockville, MD 20855
(39.122199, -77.188097)"
04/30/2013 12:00:00 AM,WPL,"1,038,151","692,440",66.7%,,"850 Revell Hwy
Annapolis, MD 21409
(39.01338, -76.406716)"
05/31/2013 12:00:00 AM,BHT,"2,180,949","1,518,406",69.62%,,"1200 Frankfurst Ave
Baltimore, MD 21226
(39.240612, -76.587157)"
05/31/2013 12:00:00 AM,FMT,"3,950,743","2,799,695",71.65%,,"3990 Leland Ave
Baltimore, MD 21224
(39.2661, -76.561575)"
05/31/2013 12:00:00 AM,FSK,"997,638","762,524",76.43%,,"303 Authority Drive
Baltimore, MD 21224
(39.230495, -76.510661)"
05/31/2013 12:00:00 AM,JFK,"1,377,649","906,485",66.9%,,"1 Turnpike
Perryville, MD 21903
(39.589249, -76.072845)"
05/31/2013 12:00:00 AM,HMB,"448,366","409,813",91.4%,,"6000 Pulaski Hwy
Perryville, MD 21903
(39.567807, -76.073059)"
05/31/2013 12:00:00 AM,WPL,"1,197,303","771,951",64.4%,,"850 Revell Hwy
Annapolis, MD 21409
(39.01338, -76.406716)"
05/31/2013 12:00:00 AM,HWN,"304,779","154,015",50.5%,,"9665 Orland Park Rd
Newburg, MD 20664
(38.364741, -76.9761)"
06/30/2013 12:00:00 AM,FSK,"978,994","732,504",74.8%,,"303 Authority Drive
Baltimore, MD 21222
(39.230495, -76.510661)"
06/30/2013 12:00:00 AM,JFK,"1,345,929","853,403",63.4%,,"1 Turnpike Drive
Perryville, MD 21903
(39.589249, -76.072845)"
06/30/2013 12:00:00 AM,WPL,"1,249,922","760,970",60.8%,,"850 Revell Highway
Annapolis, MD 21409
(39.01338, -76.406716)"
06/30/2013 12:00:00 AM,HMB,"426,277","385,458",90.42%,,"6000 Pulaksi Highway
Perryville, MD 21903
(39.567807, -76.073059)"
06/30/2013 12:00:00 AM,HWN,"309,007","149,549",48.39%,,"9665 Orland Park Road
Newburg, MD 20664
(38.364741, -76.9761)"
06/30/2013 12:00:00 AM,ICC,"1,543,978",,,Transponder transaction data not yet available,"16902 Crabbs Branch Way
Rockville, MD 20855
(39.122199, -77.188097)"
05/31/2013 12:00:00 AM,ICC,"1,584,430",,,Transponder data not yet available,"16902 Crabbs Branch Hwy
Rockville, MD 20855
(39.122199, -77.188097)"
06/30/2013 12:00:00 AM,FMT,"3,807,915","2,632,396",69.12%,,"3990 Leland Ave
Baltimore, MD 21224
(39.2661, -76.561575)"
06/30/2013 12:00:00 AM,BHT,"2,069,450","1,409,392",68%,,"1200 Frankfurst Ave
Baltimore, MD 21226
(39.240612, -76.587157)"
07/31/2013 12:00:00 AM,BHT,"2,123,205","1,468,382",69%,,"1200 Frankfurst Ave
Baltimore, MD 21226
(39.240612, -76.587157)"
07/31/2013 12:00:00 AM,FMT,"3,862,163","269,074",69.8%,,"3990 Leland Ave
Baltimore, MD 21224
(39.2661, -76.561575)"
07/31/2013 12:00:00 AM,FSK,"936,974","713,061",76%,,"303 Authority Drive
Baltimore, MD 21222
(39.230495, -76.510661)"
07/31/2013 12:00:00 AM,HMB,"433,063","395,320",91%,,"6000 Pulaski Highway
Perryville, MD 21903
(39.567807, -76.073059)"
07/31/2013 12:00:00 AM,ICC,"1,542,795",,,Transponder data not available,"16902 Crabbs Branch Way
Rockville, MD 20855
(39.122199, -77.188097)"
07/31/2013 12:00:00 AM,WPL,"1,308,652","795,346",60.7%,,"850 Revell Highway
Annapolis, MD 21409
(39.01338, -76.406716)"
07/31/2013 12:00:00 AM,HWN,"323,430","158,572",49%,,"965 Orland Park Road
Newburg, MD 20664
(38.364741, 76.9761)"
07/31/2013 12:00:00 AM,JFK,"1,419,630","892,288",62.85%,,"1Turnpike
Perryville, MD 21903
(39.589249, -76.072845)"
08/31/2013 12:00:00 AM,FMT,"4,011,477","2,818,171",70%,,"3990 Leland Ave
Baltimore, MD 21224
(39.2661, -76.561575)"
08/31/2013 12:00:00 AM,FSK,"946,354","721,840",76.3%,,"303 Authority Drive
Baltimore, MD 21222
(39.230495, -76.510661)"
08/31/2013 12:00:00 AM,JFK,"1,481,470","951,480",64.2%,,"1 Turnpike
Perryville, MD 21903
(39.589249, -76.072845)"
08/31/2013 12:00:00 AM,HMB,"456,006","415,335",91%,,"6000 Pulaski Hwy
Perryville, MD 21903
(39.567807, -76.073059)"
08/31/2013 12:00:00 AM,BHT,"2,265,092","1,578,083",69.7%,,"1200 Frankfurst Ave
Baltimore, MD 21226
(39.240612, -76.587157)"
08/31/2013 12:00:00 AM,WPL,"1,344,727","830,895",62%,,"850 Revell Hwy
Annapolis, MD 21409
(39.01338, -76.406716)"
08/31/2013 12:00:00 AM,HWN,"336,417","168,029",50%,,"9665 Orland Park Road
Newburg, MD 20664
(38.364741, -76.9761)"
08/31/2013 12:00:00 AM,ICC,"1,625,313",,,Transponder data not available,"16902 Crabbs Branch Hwy
Rockville, MD 20855
(39.122199, -77.188097)"
09/30/2013 12:00:00 AM,FSK,"884,262","683,412",77%,,"303 Authority Drive
Baltimore, MD 21222
(39.230495, -76.510661)"
09/30/2013 12:00:00 AM,HWN,"262,464","139,837",53%,,"9665 Orland Park Road
Newburg, MD 20664
(38.364741, -76.9761)"
09/30/2013 12:00:00 AM,WPL,"1,103,080","711,331",64%,,"850 Revell Hwy
Annapolis, MD 21409
(39.01338, -76.406716)"
09/30/2013 12:00:00 AM,ICC,"1,600,861",,,Transponder data not yet available,"16902 Crabbs Branch Way
Rockville, MD 20855
(39.122199, -77.188097)"
09/30/2013 12:00:00 AM,BHT,"2,063,706","1,463,155",71%,,"1200 Frankfurst Ave
Balitmore, MD 21226
(39.240612, -76.587157)"
09/30/2013 12:00:00 AM,FMT,"3,499,359","2,524,281",72%,,"3990 Leland Ave
Baltimore, MD 21224
(39.2661, -76.561575)"
09/30/2013 12:00:00 AM,HMB,"416,254","385,743",93%,,"6000 Pulaski Hwy
Perryville, MD 21903
(39.567807, -76.073059)"
09/30/2013 12:00:00 AM,JFK,"1,155,470","770,133",67%,,"1 Turnpike
Perryville, MD 21903
(39.589249, -76.072845)"
01/31/2014 12:00:00 AM,JFK,"935,463","643,998",69%,,"1 Turnpike
Perryville, MD 21903
(39.589249, -76.072845)"
10/31/2013 12:00:00 AM,BHT,"2,149,206","1,558,373",73%,,"1200 Frankfurst Ave
Baltimore, MD 21226
(39.240612, -76.587157)"
10/31/2013 12:00:00 AM,FMT,"3,602,509","2,655,266",74%,,"3990 Leland Ave
Baltimore, MD 21224
(39.2661, -76.561575)"
10/31/2013 12:00:00 AM,FSK,"982,940","732,918",75%,,"303 Authority Drive
Baltimore, MD 21222
(39.230495, -76.510661)"
10/31/2013 12:00:00 AM,JFK,"1,152,885","785,005",68%,,"1 Turnpike
Perryville, MD 21903
(39.589249, -76.072845)"
10/31/2013 12:00:00 AM,HMB,"432,017","404,119",94%,,"6000 Pulaksi Hwy
Perryville, MD 21903
(39.567807, -76.073059)"
10/31/2013 12:00:00 AM,WPL,"1,048,584","717,609",68%,,"850 Revell Hwy
Annapolis, MD 21409
(39.01338, -76.406716)"
10/31/2013 12:00:00 AM,HWN,"270,730","150,416",56%,,"9665 Orland Park Rd
Newburg, MD 20664
(38.364741, -76.9761)"
11/30/2013 12:00:00 AM,FMT,"3,446,191","2,500,673",73%,,"3990 Leland Ave
Baltimore, MD 21224
(39.2661, -76.561575)"
11/30/2013 12:00:00 AM,HWN,"262,452","138,580",53%,,"9665 Orland Park Rd
Newburg, MD 20664
(38.364741, -76.9761)"
11/30/2013 12:00:00 AM,ICC,"1,588,801",,,Transponder data not yet available,"16902 Crabbs Branch Way
Rockville, MD 20855
(39.122199, -77.188097)"
11/30/2013 12:00:00 AM,BHT,"204,918","1,463,432",71%,,"1200 Frankfurst Ave
Baltimore, MD 21226
(39.240612, -76.587157)"
11/30/2013 12:00:00 AM,JFK,"1,189,902","805,298",68%,,"1 Turnpike
Perryville, MD 21903
(39.589249, -76.072845)"
11/30/2013 12:00:00 AM,WPL,"985,537","672,363",68%,,"850 Revell Hwy
Annapolis, MD 21409
(39.01338, -76.406716)"
12/31/2013 12:00:00 AM,BHT,"2,027,666","1,434,204",71%,,"1200 Frankfurst Ave
Baltimore, MD 21226
(39.240612, -76.587157)"
11/30/2013 12:00:00 AM,FSK,"834,798","651,103",78%,,"303 Authority Drive
Baltimore, MD 21222
(39.230945, -76.570661)"
10/31/2013 12:00:00 AM,ICC,"1,699,377",,,Transponder data not yet available,"16902 Crabbs Branch Way
Rockville, MD 20855
(39.122199, -77.188097)"
11/30/2013 12:00:00 AM,HMB,"405,195","377,256",93%,,"6000 Pulaski Hwy
Perryville, MD 21903
(39.567807, -76.073059)"
12/31/2013 12:00:00 AM,FMT,"3,423,746","2,462,822",72%,,"3990 Leland Ave
Baltimore, MD 21224
(39.2661, -76.561575)"
12/31/2013 12:00:00 AM,FSK,"809,093","625,789",77%,,"303 Authority Drive
Baltimore, MD 21222
(39.230495, -76.570661)"
12/31/2013 12:00:00 AM,JFK,"1,207,564","801,400",66%,,"1 Turnpike
Perryville, MD 21903
(39.589249, -76.072845)"
12/31/2013 12:00:00 AM,HMB,"393,270","366,091",93%,,"6000 Pulaski Hwy
Perryville, MD 21903
(39.567807, 76.073059)"
12/31/2013 12:00:00 AM,WPL,"940,674","641,403",68%,,"850 Revell Hwy
Annapolis, MD 21409
(39.01338, -76.406716)"
12/31/2013 12:00:00 AM,ICC,"1,565,207",,,Transponder data not yet available,"16902 Crabbs Branch Way
Rockville, MD 20855
(39.122199, -77.188097)"
12/31/2013 12:00:00 AM,HWN,"261,825","138,613",53%,,"9665 Orland Park Rd
Newburg, MD 20664
(38.364741, -76.9761)"
01/31/2014 12:00:00 AM,BHT,"1,867,508","1,369,574",73%,,"1200 Frankfurst Ave
Baltimore, MD 21226
(39.240612, -76.587157)"
01/31/2014 12:00:00 AM,FMT,"3,114,756","2,324,741",75%,,"3990 Leland Ave
Baltimore, MD 21224
(39.2661, -76.561575)"
01/31/2014 12:00:00 AM,FSK,"781,165","623,406",80%,,"303 Authority Drive
Baltimore, MD 21222
(39.230495, -76.510661)"
01/31/2014 12:00:00 AM,HMB,"370,558","349,666",94%,,"6000 Pulaski Highway
Perryville, MD 21903
(39.567807, -76.073059)"
01/31/2014 12:00:00 AM,WPL,"815,383","583,616",72%,,"850 Revell Highway
Annapolis, MD 21409
(39.01338, -76.406716)"
01/31/2014 12:00:00 AM,HWN,"208,796","123,078",59%,,"9665 Orland Park Rd
Newburg, MD 20664
(38.364741, -76.9761)"
01/31/2014 12:00:00 AM,ICC,"1,549,102",,,Transponder data not yet available,"16902 Crabbs Branch Way
Rockville, MD 20855
(39.122199, -77.188097)"
02/28/2014 12:00:00 AM,BHT,"1,724,887","1,255,216",73%,,"1200 Frankfurst Ave
Baltimore, MD 21226
(39.240612, -76.587157)"
02/28/2014 12:00:00 AM,FMT,"2,844,410","2,111,397",74%,,"3990 Leland Ave
Baltimore, MD 21224
(39.2661, -76.561575)"
02/28/2014 12:00:00 AM,FSK,"729,334","576,164",79%,,"303 Authority Drive
Baltimore, MD 21222
(39.230495, -76.510661)"
02/28/2014 12:00:00 AM,JFK,"847,693","588,457",69%,,"1 Turnpike
Perryville, MD 21903
(39.589249, -76.072845)"
02/28/2014 12:00:00 AM,HMB,"344,516","324,513",94%,,"6000 Pulaski Highway
Perryville, MD 21903
(39.567807, -76.073059)"
02/28/2014 12:00:00 AM,WPL,"757,631","540,651",71%,,"850 Revell Highway
Annapolis, MD 21409
(39.01338, -76.406716)"
02/28/2014 12:00:00 AM,HWN,"193,711","114,401",59%,,"9665 Orland Park Rd
Newburg, MD 20664
(38.364741, -76.9761)"
02/28/2014 12:00:00 AM,ICC,"1,372,222",,,Transponder Data not yet available,"16902 Crabbs Branch Road
Rockville, MD 20855
(39.122199, -77.188097)"
03/31/2014 12:00:00 AM,FSK,"836,589","652,564",78%,,"303 Authority Drive
Baltimore, MD 21222
(39.230495, -76.510661)"
03/31/2014 12:00:00 AM,JFK,"1,121,358","759,582",68%,,"1 Turnpike
Perryville, MD 21903
(39.589249, -76.072845)"
03/31/2014 12:00:00 AM,BHT,"2,041,071","1,452,359",71%,,"1200 Frankfurst Ave
Baltimore, MD 21226
(39.240612, -76.587157)"
03/31/2014 12:00:00 AM,HMB,"404,297","378,540",94%,,"6000 Pulaski Hwy
Perryville, MD 21903
(39.567807, -76.073059)"
03/31/2014 12:00:00 AM,WPL,"901,584","626,969",70%,,"850 Revell Hwy
Annapolis, MD 21409
(39.01338, -76.406716)"
03/31/2014 12:00:00 AM,HWN,"234,653","132,086",56%,,"9665 Orland Park Rd
Newburg, MD 20664
(38.364741, -76.96761)"
03/31/2014 12:00:00 AM,FMT,"3,399,365","2,476,349",73%,,"3990 Leland Ave
Baltimore, MD 21224
(39.2661, -76.561575)"
03/31/2014 12:00:00 AM,ICC,"1,515,353",,,Transponder data not yet available,"16902 Crabbs Branch Way
Rockville, MD 20855
(39.122199, -77.188097)"
04/30/2014 12:00:00 AM,BHT,"2,201,587","1,574,649",72%,,"1200 Frankfurst Ave
Baltimore, MD 21226
(39.240612, -76.587157)"
04/30/2014 12:00:00 AM,FMT,"3,672,972","2,670,221",73%,,"3990 Leland Ave
Baltimore, MD 21224
(39.2661, -76.561575)"
04/30/2014 12:00:00 AM,FSK,"925,571","724,245",78%,,"303 Authority Drive
Baltimore, MD 21222
(39.230495, -76.510661)"
04/30/2014 12:00:00 AM,JFK,"1,300,090","885,173",68%,,"1 Turnpike
Perryville, MD 21903
(39.589249, -76.072845)"
04/30/2014 12:00:00 AM,HMB,"433,403","402,660",93%,,"6000 Pulaski Hwy
Perryville, MD 21903
(39.567807, -76.073059)"
04/30/2014 12:00:00 AM,WPL,"1,044,648","716,715",67%,,"850 Revell Hwy
Annapolis, MD 21409
(39.01338, -76.406716)"
04/30/2014 12:00:00 AM,HWN,"276,646","152,094",55%,,"9665 Orland Park Rd
Newburg, MD 20664
(38.364741, -76.9761)"
04/30/2014 12:00:00 AM,ICC,"1,756,481",,,Transponder data not yet available,"16902 Crabbs Branch Way
Rockville, MD 20664
(39.122199, -77.188097)"
05/31/2014 12:00:00 AM,BHT,"2,311,998","1,616,993",70%,,"1200 Frankfurst Ave
Baltimore, MD 21226
(39.240612, -76.587157)"
05/31/2014 12:00:00 AM,FMT,"3,742,482","2,666,418",71%,,"3990 Leland Ave
Baltimore, MD 21224
(39.2661, 76.561575)"
05/31/2014 12:00:00 AM,FSK,"956,217","733,138",77%,,"303 Authority Drive
Baltimore, MD 21222
(39.230495, -76.510661)"
06/30/2014 12:00:00 AM,BHT,"2,272,844","1,573,849",69%,,"1200 Frankfurst Ave
Baltmore, MD 21226
(39.240612, -76.587157)"
05/31/2014 12:00:00 AM,HWN,"309,780","162,637",53%,,"9665 Orland Park Rd
Newburg, MD 20664
(38.364741, -76.9761)"
05/31/2014 12:00:00 AM,ICC,"2,011,965",,,Transponder data not yet available,"16902 Crabbs Branch Way
Rockville, MD 20855
(39.122199, -77.188097)"
05/31/2014 12:00:00 AM,JFK,"1,380,596","918,505",67%,,"1 Turnpike
Perryville, MD 21903
(39.589249, -76.072845)"
05/31/2014 12:00:00 AM,WPL,"1,203,806","787,756",65%,,"850 Revell Hwy
Annapolis, MD 21409
(39.01338, -76.406716)"
05/31/2014 12:00:00 AM,HMB,"447,292","414,036",93%,,"6000 Pulaski Hwy
Perryville, MD 21903
(39.577807, -76.073059)"
06/30/2014 12:00:00 AM,FMT,"3,643,388","2,556,119",70%,,"3990 Leland Ave
Baltimore, MD 21224
(39.2661, -76.561575)"
06/30/2014 12:00:00 AM,WPL,"1,241,325","786,824",63%,,"850 Revell Hwy
Annapolis, MD 21409
(39.01338, -76.406716)"
06/30/2014 12:00:00 AM,ICC,"1,755,443",,,Transponder data not yet available,"16902 Crabbs Branch Way
Rockville, MD 20855
(39.122199, -77.188097)"
06/30/2014 12:00:00 AM,HWN,"317,089","164,463",52%,,"9665 Orland Park Rd
Newburg, MD 20664
(38.364741, -76.9761)"
06/30/2014 12:00:00 AM,FSK,"948,380","722,786",76%,,"303 Authority Drive
Baltimore, MD 21222
(39.230495, -76.510661)"
06/30/2014 12:00:00 AM,JFK,"1,326,287","856,284",65%,,"1 Turnpike
Perryville, MD 21903
(39.589249, -76.072845)"
06/30/2014 12:00:00 AM,HMB,"433,898","398,356",92%,,"6000 Pulaski Hwy
Perryville, MD 21903
(39.567807, -76.073059)"
07/31/2014 12:00:00 AM,BHT,"2,363,014","1,623,771",69%,,"1200 Frankfurst Ave
Baltimore, MD 21226
(39.240612, -76.587157)"
07/31/2014 12:00:00 AM,FMT,"3,739,024","2,599,584",70%,,"3990 Leland Ave
Baltimore, MD 21224
(39.2661, -76.561575)"
07/31/2014 12:00:00 AM,FSK,"962,514","732,844",76%,,"303 Authority Drive
Baltimore, MD 21222
(39.230495, -76.510661)"
07/31/2014 12:00:00 AM,JFK,"1,421,970","908,126",64%,,"1 Turnpike
Perryville, MD 21903
(39.589249, -76.072845)"
07/31/2014 12:00:00 AM,HMB,"440,500","403,595",92%,,"6000 Pulaski Hwy
Perryville, MD 21903
(39.567807, -76.073059)"
07/31/2014 12:00:00 AM,WPL,"1,332,621","828,136",62%,,"850 Revell Hwy
Annapolis, MD 21409
(39.01338, -76.406716)"
07/31/2014 12:00:00 AM,HWN,"342,125","173,540",51%,,"9665 Orland Park Rd
Newburg, MD 20664
(38.364741, -76.9761)"
07/31/2014 12:00:00 AM,ICC,"1,684,163",,,Transponder data not yet available,"16902 Crabbs Branch Way
Rockville, MD 20855
(39.122199, -77.188097)"
08/31/2014 12:00:00 AM,HWN,"353,604","178,492",50%,,"9665 Orland Park
Newburg, MD 20 664
(38.364741, -76.98761)"
08/31/2014 12:00:00 AM,ICC,"1,533,189",,,Transponder data not year available,"16902 Crabbs Branch Way
Rockville, MD 20855
(39.122199, -77.188097)"
08/31/2014 12:00:00 AM,BHT,"2,403,144","1,648,447",69%,,"1200 Frankfurst Ave
Baltimore, MD 21226
(39.240612, -76.587157)"
08/31/2014 12:00:00 AM,FMT,"3,797,896","2,645,308",70%,,"3990 Leland Ave
Baltimore, MD 21224
(39.2661, -76.561575)"
08/31/2014 12:00:00 AM,FSK,"980,143","743,057",76%,,"303 Authority Drive
Baltimore, MD 21222
(39.230495, -76.510661)"
08/31/2014 12:00:00 AM,JFK,"1,496,874","967,762",65%,,"1 Turnpike
Perryville, MD 21903
(39.589249, -76.072845)"
08/31/2014 12:00:00 AM,HMB,"447,322","407,575",91%,,"6000 Pulaski Hwy
Perryville, MD 21903
(39.567807, -76.073059)"
08/31/2014 12:00:00 AM,WPL,"1,349,529","837,255",62%,,"850 Revell Hwy
Annapolis, MD 21409
(39.01338, -76.406716)"
09/30/2014 12:00:00 AM,BHT,"2,215,197","1,579,532",71%,,"1200 Frankfurst Ave
Baltimore, MD 21226
(39.240612, -76.587157)"
09/30/2014 12:00:00 AM,FMT,"3,351,138","2,427,849",72%,,"3990 Leland Ave
Baltimore, MD 21224
(39.2661, -76.561575)"
09/30/2014 12:00:00 AM,HMB,"420,041","390,092",93%,,"6000 Pulaski Hwy
Perryville, MD 21903
(39.567807, -76.073059)"
09/30/2014 12:00:00 AM,JFK,"1,132,012","764,967",68%,,"1 Turnpike
Perryville, MD 21903
(39.589249, -76.072845)"
09/30/2014 12:00:00 AM,WPL,"1,103,858","728,158",66%,,"850 Revell Hwy
Annapolis, MD 21409
(39.01338, -76.406716)"
09/30/2014 12:00:00 AM,ICC,"1,827,355",,,Data not yet available,"16902 Crabbs Branch Way
Rockville, MD 20855
(39.122199, -77.188097)"
09/30/2014 12:00:00 AM,FSK,"967,296","748,854",77%,,"303 Authority Drive
Baltimore, MD 21222
(39.230495, -76.510661)"
09/30/2014 12:00:00 AM,HWN,"267,481","148,429",55%,,"9665 Orland Park Rd
Newburg, MD 20664
(38.364741, -76.9761)"
10/31/2014 12:00:00 AM,BHT,"2,292,937","1,647,737",71%,,"1200 Frankfurst Ave
Baltimore, MD 21226
(39.240612, -76.587157)"
10/31/2014 12:00:00 AM,FMT,"3,577,069","2,624,815",73%,,"3990 Leland Ave
Baltimore, MD 21224
(39.2661, -76.561575)"
10/31/2014 12:00:00 AM,FSK,"1,000,940","786,143",78%,,"303 Authority Drive
Baltimore, MD 21222
(39.230495, -76.510661)"
10/31/2014 12:00:00 AM,JFK,"1,189,836","817,233",69%,,"1 Turnpike
Perryville, MD 21903
(39.289249, -76.072845)"
10/31/2014 12:00:00 AM,HMB,"434,940","406,511",93%,,"6000 Pulaski Hwy
Perryville, MD 21903
(39.567807, -76.073059)"
10/31/2014 12:00:00 AM,WPL,"1,077,037","741,809",69%,,"850 Revell Hwy
Annapolis, MD 21409
(39.01338, -76.406716)"
10/31/2014 12:00:00 AM,HWN,"290,214","160,988",55%,,"9665 Orland Park Rd
Newburg, MD 20664
(38.364741, -76.9761)"
10/31/2014 12:00:00 AM,ICC,"1,975,748",,,Data not yet available,"16902 Crabbs Branch Way
Rockville, MD 20855
(39.122199, -77.188097)"
11/30/2014 12:00:00 AM,BHT,"2,115,576","1,496,222",71%,,"1200 Frankfurst Ave
Baltimore, MD 21226
(39.240612, -76.587157)"
11/30/2014 12:00:00 AM,FMT,"3,371,106","2,433,848",72%,,"3990 Leland Avw
Baltimore, MD 21224
(39.2661, -76.561575)"
11/30/2014 12:00:00 AM,FSK,"849,478","657,122",77%,,"303 Authority Drive
Baltimore, MD 21222
(39.230495, -76.510661)"
11/30/2014 12:00:00 AM,JFK,"1,218,184","833,241",68%,,"1 Turnpike
Perryville, MD 21903
(39.589249, -76.072845)"
11/30/2014 12:00:00 AM,HMB,"396,197","368,689",93%,,"6000 Pulaski Hwy
Perryville, MD 21903
(39.567807, -76.073059)"
11/30/2014 12:00:00 AM,HWN,"269,671","143,063",53%,,"9665 Orland Park Rd
Newburg, MD 20664
(38.364741, -76.9761)"
11/30/2014 12:00:00 AM,ICC,"1,843,448",,,Data not yet available,"16902 Crabbs Branch Way
Rockville, MD 20855
(39.122199, -77.188097)"
11/30/2014 12:00:00 AM,WPL,"974,562","663,324",68%,,"850 Revell Hwy
Annapolis, MD 21409
(39.01338, -76.406716)"
01/31/2015 12:00:00 AM,FSK,"792,714","627,278",79%,,"303 Authority Dr
Baltimore, MD 2122
(39.230495, -76.510661)"
01/31/2015 12:00:00 AM,WPL,"840,555","599,822",71%,,"850 Revell Hwy
Annapolis, MD 21409
(39.01338, -76.406716)"
01/31/2015 12:00:00 AM,ICC,"1,779,279",,,Transponder data not yet available ,"16902 Crabbs Branch Way
Rockville, MD 20855
(39.122199, -77.188097)"
12/31/2014 12:00:00 AM,FSK,"864,306","670,502",77%,,"303 Authority Drive
Baltimore, MD 21222
(39.230495, -76.510661)"
12/31/2014 12:00:00 AM,ICC,"1,851,956",,,Data not yet available,"16902 Crabbs Branch Way
Rockville, MD 20855
(39.122199, -77.188097)"
01/31/2015 12:00:00 AM,HWN,"220,544","128,804",58%,,"9665 Orland Park Rd
Newburg, MD 20664
(38.364741, -76.9761)"
12/31/2014 12:00:00 AM,FMT,"3,490,893","2,523,207",72%,,"3990 Leland Ave
Baltimore, MD 21224
(39.2661, -76.561575)"
12/31/2014 12:00:00 AM,HMB,"414,226","385,749",93%,,"6000 Pulaski Hwy
Perryville, MD 21903
(39.567807, -76.073059)"
12/31/2014 12:00:00 AM,BHT,"2,220,344","1,586,860",71%,,"1200 Frankfurst Ave
Baltimore, MD 21226
(39.240612, -76.587157)"
12/31/2014 12:00:00 AM,JFK,"1,217,745","825,399",67%,,"1 Turnpike
Perryville, MD 21903
(39.589249, -76.072845)"
12/31/2014 12:00:00 AM,WPL,"969,416","667,744",68%,,"850 Revell Hwy
Annapolis, MD 21409
(39.01338, -76.406716)"
12/31/2014 12:00:00 AM,HWN,"270,237","148,503",55%,,"9665 Orland Park Rd
Newburg, MD 20664
(38.364741, -76.9761)"
01/31/2015 12:00:00 AM,BHT,"1,990,269","1,453,359",78%,,"1200 Frankfurst Ave
Balitmore, MD 21226
(39.240612, -76.587157)"
01/31/2015 12:00:00 AM,FMT,"3,122,592","2,314,282",74%,,"3990 Leland Ave
Baltimore, MD 21224
(39.2661, -76.561575)"
01/31/2015 12:00:00 AM,HMB,"379,234","357,557",94%,,"6000 Pulaski Hwy
Perryville, MD 21903
(39.567807, -76.073059)"
01/31/2015 12:00:00 AM,JFK,"978,253","679,133",69%,,"1 Turnpike
Perryville, MD 21903
(39.589249, -76.072845)"
02/28/2015 12:00:00 AM,BHT,"1,844,826","1,326,082",72%,,"1200 Frankfurst Ave
Baltimore, MD 21226
(39.240612, -76.587157)"
02/28/2015 12:00:00 AM,FMT,"2,926,808","2,174,269",74%,,"3990 Leland Ave
Baltimore, MD 21224
(39.2661, -76.561575)"
02/28/2015 12:00:00 AM,FSK,"743,389","587,101",79%,,"303 Authority Drive
Baltimore, MD 21222
(39.230495, -76.510661)"
02/28/2015 12:00:00 AM,JFK,"892,003","625,753",70%,,"1 Turnpike
Perryville, MD 21903
(39.589249, -76.072845)"
02/28/2015 12:00:00 AM,HMB,"357,139","336,394",94%,,"6000 Pulaski Hwy
Perryville, MD 21903
(39.567807, -76.073059)"
02/28/2015 12:00:00 AM,WPL,"752,323","540,840",72%,,"850 Revell Hwy
Annapolis, MD 21409
(39.01338, -76.406716)"
02/28/2015 12:00:00 AM,HWN,"191,056","113,750",59%,,"9665 Orland Park Rd
Newburg, MD 20664
(38.364741, -76.9761)"
02/28/2015 12:00:00 AM,ICC,"1,801,689",,,Data not yet available,"16902 Crabbs Branch Way
Rockville, MD 20855
(39.122199, -77.188097)"
03/31/2015 12:00:00 AM,BHT,"2,166,035","1,532,985",71%,,"1200 Frankfurt Ave
Baltimore, MD 21226
(39.240612, -76.587157)"
03/31/2015 12:00:00 AM,FMT,"3,461,609","2,529,958",73%,,"3990 Leland Ave
Baltimore, MD 21224
(39.2661, -76.561575)"
03/31/2015 12:00:00 AM,FSK,"883,423","690,648",78%,,"303 Authority Drive
Baltimore, MD 21222
(39.230495, -76.510661)"
03/31/2015 12:00:00 AM,JFK,"1,143,547","785,669",69%,,"1 Turnpike
Perryville, MD 21903
(39.589249, -76.072845)"
03/31/2015 12:00:00 AM,HMB,"406,776","380,854",94%,,"6000 Pulaski Hwy
Perryville, MD 21903
(39.567807, -76.073059)"
03/31/2015 12:00:00 AM,WPL,"919,834","649,809",71%,,"850 Revell Hwy
Annapolis, MD 21409
(39.01338, -76.406716)"
03/31/2015 12:00:00 AM,HWN,"244,803","142,416",58%,,"9665 Orland Park Rd
Newburg, MD 20664
(38.364741, -76.9761)"
03/31/2015 12:00:00 AM,ICC,"1,950,398",,,Data not yet available ,"16902 Crabbs Branch Way
Rockville, MD 20855
(39.122199, -77.188097)"
04/30/2015 12:00:00 AM,FMT,"3,624,857","2,628,087",72%,,"3990 Leland Ave
Baltimore, MD 21224
(39.2661, -76.561575)"
04/30/2015 12:00:00 AM,FSK,"986,024","768,765",78%,,"303 Authority Drive
Baltimore, MD 21222
(39.230495, -76.510661)"
04/30/2015 12:00:00 AM,JFK,"1,342,485","924,227",69%,,"1 Turnpike
Perryville, MD 21903
(39.567807, -76.073059)"
04/30/2015 12:00:00 AM,HMB,"444,098","411,672",93%,,"6000 Pulaski Hwy
Annapolis, MD 21409
(39.01338, -76.406716)"
04/30/2015 12:00:00 AM,WPL,"1,065,880","733,576",69%,,"850 Revell Hwy
Annapolis, MD 21409
(39.01338, -76.406716)"
04/30/2015 12:00:00 AM,ICC,"2,284,564",,,transponder data not yet available,"19602 Crabbs Branch Way
Rockville, MD 20855
(39.122199, -77.188097)"
05/31/2015 12:00:00 AM,BHT,"2,508,649","1,735,894",69%,,"1200 Frankfurst Ave
Baltimore, MD 21226
(39.240612, -76.587157)"
04/30/2015 12:00:00 AM,BHT,"2,439,148","1,732,407",71%,,"1200 Frankfurst
Baltimore, MD 21226
(39.240612, -76.587157)"
05/31/2015 12:00:00 AM,FMT,"3,698,772","2,612,391",71%,,"3990 Leland Ave
Baltimore, MD 21224
(39.2661, -76.561575)"
05/31/2015 12:00:00 AM,FSK,"1,001,750","763,747",76%,,"303 Authority Drive
Baltimore, MD 21222
(39.230495, -76.510661)"
05/31/2015 12:00:00 AM,JFK,"1,449,859","972,315",67%,,"1 Turnpike
Perryville, MD 21903
(39.589249, -76.072845)"
05/31/2015 12:00:00 AM,HMB,"447,863","411,215",92%,,"6000 Pulaski Hwy
Perryville, MD 21903
(39.567807, -76.073059)"
05/31/2015 12:00:00 AM,WPL,"1,234,079","800,424",65%,,"850 Revell Hwy
Annapolis, MD 21409
(39.01338, -76.406716)"
05/31/2015 12:00:00 AM,HWN,"316,182","166,423",53%,,"9665 Orland Park Rd
Newburg, MD 20664
(38.364741, -76.9761)"
05/31/2015 12:00:00 AM,ICC,"2,044,997",,,transponder data not yet available,"16902 Crabbs Branch Way
Rockville, MD 20855
(39.122199, -77.188097)"
04/30/2015 12:00:00 AM,HWN,"281,293","159,111",57%,,"9665 Orland Park Rd
Newburg, MD 20664
(38.364741, -76.9761)"
06/30/2015 12:00:00 AM,BHT,"2,455,720","1,713,509",70%,,"1200 Frankfurst Ave
Baltimore, MD 21226
(39.240612, -76.587157)"
06/30/2015 12:00:00 AM,FMT,"3,647,185","2,580,549",71%,,"3990 Leland Ave
Baltimore, MD 21224
(39.2661, -76.561575)"
06/30/2015 12:00:00 AM,FSK,"1,007,244","777,399",77%,,"303 Authority Drive
Baltimore, MD 21222
(39.230495, -76.510661)"
06/30/2015 12:00:00 AM,JFK,"1,349,598","889,406",66%,,"1 Turnpike
Perryville, MD 21903
(39.589249, -76.072845)"
06/30/2015 12:00:00 AM,HMB,"443,122","407,494",92%,,"6000 Pulaski Hwy
Perryville, MD 21903
(39.567807, -76.073059)"
06/30/2015 12:00:00 AM,HWN,"311,122","167,192",53%,,"9665 Orland Park Rd
Newburg, MD 20664
(38.364741, -76.9761)"
06/30/2015 12:00:00 AM,WPL,"1,248,844","807,414",65%,,"850 Revell Hwy
Annapolis, MD 21409
(39.01338, -76.406716)"
06/30/2015 12:00:00 AM,ICC,"1,827,460",,,Data not yet available ,"16902 Crabbs Branch Way
Rockville, MD 20855
(39.122199, -77.188097)"
07/31/2015 12:00:00 AM,FMT,"3,749,357","2,605,409",69%,,"3990 Leland Ave
Baltimore, MD 21224
(39.2661, -76.451575)"
07/31/2015 12:00:00 AM,HMB,"459,600","417,837",91%,,"6000 Pulaski Hwy
Perryville, MD 21903
(39.567807, -76.073059)"
07/31/2015 12:00:00 AM,WPL,"1,389,029","873,685",63%,,"850 Revell Hwy
Annapolis, MD 21409
(39.01338, -76.406716)"
08/31/2015 12:00:00 AM,HWN,"353,609","181,424",51%,,"9665 Orland Park Rd
Newburg, MD 20664
(38.364741, -76.9761)"
08/31/2015 12:00:00 AM,WPL,"1,349,498","856,040",63%,,"850 Revell Hwy
Annapolis, MD 21409
(39.01338, -76.406716)"
08/31/2015 12:00:00 AM,ICC,"1,976,488",,,Data not yet available ,"16902 Crabbs Branch Way
Rockville, MD 20855
(39.1222199, -77.188097)"
07/31/2015 12:00:00 AM,ICC,"1,814,807",,,Data not yet available,"16902 Crabbs Branch Way
Rockville, MD 20855
(39.122199, -77.188097)"
07/31/2015 12:00:00 AM,BHT,"2,607,462","1,797,893",68%,,"1200 Frankfurst Ave
Baltimore, MD 21226
(39.240612, -76.587157)"
07/31/2015 12:00:00 AM,FSK,"1,037,048","791,332",76%,,"303 Authority Drive
Baltimore, MD 21222
(39.230495, -76.510661)"
07/31/2015 12:00:00 AM,JFK,"1,494,886","972,657",65%,,"1 Turnpike
Perryville, MD 21903
(39.589249, -76.072845)"
07/31/2015 12:00:00 AM,HWN,"355,392","184,262",52%,,"9665 Orland Park Rd
Newburg, MD 20664
(38.364741, -76.9761)"
08/31/2015 12:00:00 AM,BHT,"2,403,173","1,830,447",76%,,"1200 Frankfurst Ave
Baltimore, MD 21226
(39.240612, -76.587157)"
08/31/2015 12:00:00 AM,FMT,"3,797,829","2,626,724",69%,,"3990 Leland Ave
Baltimore, MD 21224
(39.2661, -76.561575)"
08/31/2015 12:00:00 AM,FSK,"980,144","771,726",77%,,"303 Authority Drive
Baltimore, MD 21222
(39.230495, -76.510661)"
08/31/2015 12:00:00 AM,JFK ,"1,496,865","1,001,368",67%,,"1 Turnpike Ave
Perryville, MD 21903
(39.589249, -76.072845)"
08/31/2015 12:00:00 AM,HMB,"447,290","418,099",93%,,"6000 Pulaski Hwy
Perryville, MD 21903
(39.567807, -76.073059)"
09/30/2015 12:00:00 AM,FMT,"3,410,682","2,469,505",72%,,"3990 Leland Ave
Baltimore, MD 21224
(39.2661, -76.561575)"
09/30/2015 12:00:00 AM,FSK,"961,040","746,525",78%,,"303 Authority Drive
Baltimore, MD 21222
(39.230495, -76.510661)"
09/30/2015 12:00:00 AM,HWN,"282,494","159,568",56%,,"9665 Orland Park Rd
Newburg, MD 20664
(38.364741, -76.9761)"
09/30/2015 12:00:00 AM,BAY,"1,158,104","772,036",66%,,"850 Revell Hwy
Annapolis, MD 21409
(39.01338, -76.406716)"
10/31/2015 12:00:00 AM,HWN,"287,371","164,217",57%,,"9665 Orland Park Rd
Newburg, MD 20664
(38.364741, -76.9761)"
10/31/2015 12:00:00 AM,BAY,"1,092,104","758,127",69%,,"850 Revell Hwy
Annapolis, MD 21409
(39.01338, -76.406716)"
09/30/2015 12:00:00 AM,BHT,"2,402,625","1,703,571",71%,,"1200 Frankfurst Ave
Baltimore, MD 21226
(39.240612, -76.587157)"
09/30/2015 12:00:00 AM,JFK,"1,206,325","822,000",68%,,"1 Turnpike
Perryville, MD 21903
(39.589249, -76.072845)"
09/30/2015 12:00:00 AM,HMB,"427,768","396,609",93%,,"6000 Pulaski Hwy
Perryville, MD 21903
(39.567807, -76.073059)"
09/30/2015 12:00:00 AM,ICC,"1,945,617",,,Data currently not available,"16902 Crabbs Branch Way
Rockville, MD 20855
(39.122199, -77.188097)"
10/31/2015 12:00:00 AM,BHT,"2,451,651","1,760,681",72%,,"1200 Frankfurst Ave
Baltimore, MD 21226
(39.240612, -76.587157)"
10/31/2015 12:00:00 AM,FMT,"3,634,701","2,660,438",73%,,"3990 Leland Ave
Baltimore, MD 21224
(39.2661, -76.561575)"
10/31/2015 12:00:00 AM,FSK,"980,176","765,508",78%,,"303 Authority Drive
Baltimore, MD 21222
(39.230495, -76.510661)"
10/31/2015 12:00:00 AM,HMB,"440,901","411,130",93%,,"6000 Pulaski Hwy
Perryville, MD 21903
(39.567807, -76.073059)"
10/31/2015 12:00:00 AM,JFK,"1,244,735","872,185",70%,,"1 Turnpike
Perryville, MD 21903
(39.589249, -76.072845)"
10/31/2015 12:00:00 AM,ICC,"2,016,156",,,Data currently not available,"16902 Crabbs Branch Way
Rockville, MD 20855
(39.122199, -77.188097)"
11/30/2015 12:00:00 AM,HMB,"407,229","380,235",93%,,"6000 Pulaski Hwy
Perryville, MD 21903
(39.567807, -76.073059)"
11/30/2015 12:00:00 AM,JFK,"1,278,476","895,054",70%,,"1 Turnpike
Perryville, MD 21903
(39.589249, -76.072845)"
11/30/2015 12:00:00 AM,HWN,"275,531","153,442",56%,,"9665 Orland Park Rd
Newburg, MD 20664
(38.364741, -76.9761)"
11/30/2015 12:00:00 AM,WPL,"1,011,576","701,273",69%,,"850 Revell Hwy
Annapolis, MD 21409
(39.01338, -76.406716)"
11/30/2015 12:00:00 AM,ICC,"2,420,471",,,Data not yet available,"16902 Crabbs Branch Hwy
Rockville, MD 20855
(39.122199, -77.188097)"
12/31/2015 12:00:00 AM,BHT,"2,357,497","1,699,837",72%,,"1200 Frankfurst Ave
Baltimore, MD 21226
(39.240612, -76.587157)"
12/31/2015 12:00:00 AM,FMT,"3,655,452","2,652,519",72%,,"3990 Leland Ave
Baltimore, MD 21224
(39.2661, -76.51575)"
12/31/2015 12:00:00 AM,FSK,"916,136","713,829",78%,,"303 Authority Drive
Baltimore, MD 21222
(39.230495, -76.510661)"
12/31/2015 12:00:00 AM,HMB,"422,636","394,263",93%,,"6000 Pulaski Hwy
Perryville, MD 21903
(39.589249, -76.072845)"
12/31/2015 12:00:00 AM,JFK,"1,238,987","886,270",72%,,"1 Turnpike
Perryville, MD 21903
(39.589249, -76.072845)"
12/31/2015 12:00:00 AM,WPL,"1,020,372","713,591",70%,,"850 Revell Hey
Annapolis, MD 21409
(39.013338, -76.406716)"
11/30/2015 12:00:00 AM,BHT,"2,333,680","1,676,006",72%,,"1200 Frankfurst Ave
Baltimore, MD 21226
(39.240612, -76.587157)"
11/30/2015 12:00:00 AM,FMT,"3,519,507","2,560,625",73%,,"3990 Leland Ave
Baltimore, MD 21224
(39.2661, -76.561575)"
12/31/2015 12:00:00 AM,HWN,"282,219","159,170",56%,,"9665 Orland Park Rd
Newburg, MD 20664
(38.364741, -76.9761)"
12/31/2015 12:00:00 AM,ICC,"2,377,865",,,Data not yet available,"16902 Crabbs Branch Way
Rockville, MD 20855
(39.122199, -77.188097)"
11/30/2015 12:00:00 AM,FSK,"888,710","692,644",78%,,"303 Authority Drive
Baltimore, MD 21222
(39.230495, -76.510661)"
01/31/2016 12:00:00 AM,FSK,"916,136","616,655",67%,,"303 Authority Dr
Baltimore, MD 21222
(39.230495, -76.510661)"
01/31/2016 12:00:00 AM,FMT,"3,655,452","2,247,437",61%,,"3990 Leland Ave
Baltimore, MD 21224
(39.2661, -76.561575)"
01/31/2016 12:00:00 AM,JFK,"1,283,987","696,059",54%,,"1 Turnpike
Perryville, MD 21903
(39.5892349, -76.072845)"
01/31/2016 12:00:00 AM,HMB,"422,636","344,743",82%,,"6000 Pulaksi Hwy
Perryville, MD 21903
(39.567807, -76.073059)"
01/31/2016 12:00:00 AM,WPL,"1,020,372","589,551",58%,,"850 Revell Hwy
Annapolis, MD 21409
(39.01338, -76.406716)"
01/31/2016 12:00:00 AM,HWN,"282,219","125,563",45%,,"9665 Orland Park Rd
Newburg, MD 20664
(38.364741, -76.9761)"
01/31/2016 12:00:00 AM,BHT,"2,357,497","1,477,830",63%,,"1200 Frankfurst Ave
Baltimore, MD 21226
(39.240612, -76.587157)"
01/31/2016 12:00:00 AM,ICC,"2,377,865",,,Data not yet avialable,"16902 Crabbs Branch Way
Rockville, MD 20855
(39.122199, -77.188097)"
02/29/2016 12:00:00 AM,FMT,"3,219,963","2,375,753",74%,,"3990 Leland Ave
Baltimore, MD 21224
(39.2661, -76.561575)"
02/29/2016 12:00:00 AM,HMB,"386,082","362,781",94%,,"6000 Pulaski Hwy
Perryville, MD 21903
(39.567807, -76.073059)"
02/29/2016 12:00:00 AM,WPL,"852,210","616,150",72%,,"850 Revell Hwy
Annapolis, MD 21409
(39.01338, -76.406716)"
02/29/2016 12:00:00 AM,HWN,"216,380","132,207",61%,,"9665 Orland Park Rd
Newburg, MD 20664
(38.364741, -76.9761)"
03/31/2016 12:00:00 AM,FSK,"981,051","769,391",78%,,"303 Authority Drive
Baltimore, MD 21222
(39.230495, -76.510661)"
04/30/2016 12:00:00 AM,BHT,"2,359,664","1,706,649",72%,,"1200 Frankfurst Ave
Baltimore, MD 21226
(39.240612, -76.587157)"
02/29/2016 12:00:00 AM,BHT,"2,150,069","1,585,011",74%,,"1200 Frankfurst Ave
Baltimore, MD 21224
(39.240612, -76.587157)"
02/29/2016 12:00:00 AM,FSK,"844,543","667,791",79%,,"303 Authority Drive
Baltimore, MD 21222
(39.230495, -76.510661)"
02/29/2016 12:00:00 AM,JFK,"996,820","711,816",71%,,"1 Turnpike Dr
Perryville, MD 21903
(39.589249, -76.072845)"
02/29/2016 12:00:00 AM,ICC,"2,166,141",,,Data not yet available,"16902 Crabbs Branch Way
Rockville, MD 20855
(39.122199, -77.188097)"
03/31/2016 12:00:00 AM,BHT,"2,468,766","1,803,267",73%,,"1200 Frankfurst Ave
Baltimore, MD 21226
(39.240612, -76.587157)"
03/31/2016 12:00:00 AM,FMT,"3,776,529","2,769,020",73%,,"3990 Leland Ave
Baltimore, MD 21224
(39.2661, -76.561575)"
03/31/2016 12:00:00 AM,JFK,"1,283,146","905,108",70%,,"1 Turnpike
Perryville, MD 21903
(39.589249, -76.072845)"
03/31/2016 12:00:00 AM,HMB,"445,205","414,849",93%,,"6000 Pulaski Hwy
Perryville, MD 21903
(39.567807, -76.073059)"
03/31/2016 12:00:00 AM,HWN,"275,973","163,370",59%,,"9665 Orland Park Rd
Newburg, MD 20664
(38.364741, -76.9761)"
03/31/2016 12:00:00 AM,ICC,"2,406,785",,,Data not available ,"16902 Crabbs Branch Way
Rockville, MD 20855
(39.122199, -77.188097)"
03/31/2016 12:00:00 AM,WPL,"1,040,913","739,359",71%,,"850 Revell Hwy
Annapolis, MD 21409
(39.01338, -76.406716)"
04/30/2016 12:00:00 AM,FMT,"3,739,531","2,762,539",74%,,"3990 Leland Ave
Baltimore, MD 21224
(39.2661, -76.561575)"
04/30/2016 12:00:00 AM,FSK,"986,067","754,773",77%,,"303 Authority Dr
Baltimore, MD 21222
(39.230495, -76.510661)"
04/30/2016 12:00:00 AM,JFK,"1,316,485","930,121",71%,,"1 Turnpike
Perryville, MD 21903
(39.589249, -76.072845)"
04/30/2016 12:00:00 AM,WPL,"1,062,803","746,914",70%,,"850 Revell Hwy
Annapolis, MD 21409
(39.01338, -76.406716)"
04/30/2016 12:00:00 AM,HMB,"428,375","399,423",93%,,"6000 Pulaski Hwy
Perryville, MD 21903
(39.567807, -76.073059)"
04/30/2016 12:00:00 AM,HWN,"272,205","158,076",58%,,"9665 Orland Park Rd
Newburg, MD 20664
(38.364741, -76.9761)"
04/30/2016 12:00:00 AM,ICC,"2,497,769",,,Data not available,"16902 Crabbs Branch Rd
Rockville, MD 20855
(39.122199, -77.188097)"
05/31/2016 12:00:00 AM,WPL,"1,186,211","803,992",68%,,"850 Revell Hwy
Annapolis, MD 21409
(39.01338, -76.9761)"
05/31/2016 12:00:00 AM,BHT,"2,500,007","1,787,628",72%,,"1200 Frankfurst Ave
Baltimore, MD 21226
(39.240612, -76.587157)"
05/31/2016 12:00:00 AM,FMT,"3,870,778","2,826,412",73%,,"3990 Leland Ave
Baltimore, MD 21224
(39.2661, -76.561575)"
05/31/2016 12:00:00 AM,FSK,"975,410","751,042",77%,,"303 Authority Drive
Baltimore, MD 21222
(39.230495, -76.510661)"
05/31/2016 12:00:00 AM,HWN,"297,908","166,625",56%,,"9665 Orland Park Rd
Newburg, MD 20664
(38.364741, -76.9761)"
06/30/2016 12:00:00 AM,BHT,"2,480,042","1,761,648",71%,,"1200 Frankfurt Ave
Baltimore, Md 21226
(39.240912, -76.587157)"
06/30/2016 12:00:00 AM,FMT,"3,897,489","2,816,302",72%,,"3990 Leland Ave
Baltimore, MD 21224
(39.8661, -76.561575)"
06/30/2016 12:00:00 AM,FSK,"1,023,732","790,382",77%,,"303 Authority Drive
Baltimore MD, 2122
(39.230495, -76.510661)"
06/30/2016 12:00:00 AM,JFK,"1,401,668","946,072",67%,,"1Turnpike
Perrville, MD 21903
(39.589249, -76.072845)"
06/30/2016 12:00:00 AM,HMB,"451,832","415,726",92%,,"6000 Pulaski Hwy
Perrville, MD 21903
(30.567807, -76.406716)"
06/30/2016 12:00:00 AM,WPL,"1,309,979","865,143",66%,,"850 Revell Hwy
Annapolis, Md 21409
(39.01338, -76.406716)"
06/30/2016 12:00:00 AM,HWN,"316,346","174,463",55%,,"9665 Orland Park Rd
Newburg, MD, 20644
(38.364741, -76.9761)"
06/30/2016 12:00:00 AM,ICC,"2,641,555",,,Data not available ,"16902 Crabbs Branch Way
Rockville, MD 20855
(39.122199, -77.188097)"
05/31/2016 12:00:00 AM,ICC,"6,849,859","2,447,386",,,"16902 Crabbs Branch Rd
Rockville, MD 20855
(39.122199, -77.188097)"
09/30/2016 12:00:00 AM,FMT,"3,410,636","2,469,509",72%,,"3990 Leland Ave
Baltimore, MD 21224
(39.2661, -76.561575)"
09/30/2016 12:00:00 AM,HMB,"427,739","396,609",93%,,"6000 Pulaski HWY
Perryville, MD 21903
(39.567807, -76.073059)"
09/30/2016 12:00:00 AM,WPL,"1,158,095","72,036",67%,,"850 Revell Hwy
Annapolis, Md 21409
(39.01338, -76.406715)"
05/31/2016 12:00:00 AM,HWN,"316,141","803,992",39%,,"6000 Pulaski Hwy
Perryville, MD 21903
(39.567807, -76.073059)"
07/31/2016 12:00:00 AM,FMT,"3,977,178","2,812,482",71%,,"3990 Leland Ave
Baltimore, MD 21224
(39.2661, -76.561575)"
07/31/2016 12:00:00 AM,FSK,"970,690","731,834",75%,,"303 Authority Drive
Baltimore, Md 21222
(39.230495, -76.510661)"
07/31/2016 12:00:00 AM,HMB,"457,786","413,890",90%,,"6000 Pulaski Hwy
Perryville, Md 21903
(39.5677807, -76.9761)"
07/31/2016 12:00:00 AM,ICC,"2,636,247",,,data not available,"16902 Crabbs Branch Way
Rockville, MD 20855
(39.122199, -77.188097)"
08/31/2016 12:00:00 AM,ICC,"2,744,391",,,data not available,"16902 Crabbs Branch Way
Rockville, MD 20664
(39.122199, -77.188097)"
09/30/2012 12:00:00 AM,HWN,"11,176,107","795,630",68%,,"9665 Orland Park Road
Newburg, MD 20664
(38.364741, -76.9761)"
09/30/2012 12:00:00 AM,BHT,"2,275,398","1,624,505",71%,,"1200 Frankfurst Ave
Baltimore, MD 21226
(39.240612, -76.581757)"
09/30/2012 12:00:00 AM,FMT,"3,800,085","2,798,452",74%,,"3990 Leland Avenue
Baltimore, MD 21224
(39.2661, -76.561575)"
09/30/2012 12:00:00 AM,FSK,"986,925","765,810",78%,,"303 Authority Drive
Baltimore, MD 21222
(39.230495, -76.510661)"
09/30/2012 12:00:00 AM,JFK,"1,262,219","965,297",69%,,"1 Turnpike Drive
Perryville, MD 21903
(39.589249, -76.072845)"
09/30/2012 12:00:00 AM,HMB,"427,714","397,369",93%,,"6000 Pulaski Highway
Perryville, MD 21903
(39.567807, -76.073059)"
09/30/2012 12:00:00 AM,WPL,"282,586","163,545",58%,,"850 Revell Highway
Annapolis, MD 21409
(39.01338, -76.406716)"
09/30/2012 12:00:00 AM,ICC,"2,744,391",,,Transponder Data not yet available,"16902 Crabbs Branch Way
Rockville, MD 20855
(39.122199, -77.188097)"
10/31/2016 12:00:00 AM,BHT,"2,378,647","1,703,899",72%,,"1200 Frankfurst Ave
Baltimore, MD 21226
(39.240612, -76.587157)"
10/31/2016 12:00:00 AM,FMT,"3,892,374","2,889,400",74%,,"3990 Leland Ave
Baltimore, MD 21224
(39.2661, -76.561575)"
10/31/2016 12:00:00 AM,FSK,"985,145","765,945",78%,,"303 Authority Drive
Baltimore, MD 21222
(39.230495, 76.510661)"
10/31/2016 12:00:00 AM,JFK,"1,283,700","899,092",70%,,"1 Turnpike
Perryville, Md 21903
(39.589249, -76.072845)"
10/31/2016 12:00:00 AM,HMB,"438,328","407,045",93%,,"6000 Pulasi Hwy
Perryville, MD 21903
(39.567807, -76.073059)"
10/31/2016 12:00:00 AM,ICC,"2,832,837",,,data not available,"16902 Crabbs Branch Way
Rockville, MD 20855
(39.122199, -77.188097)"
07/31/2016 12:00:00 AM,WPL,"1,393,668","877,105",63%,,"850 Revell Hwy
Annapolis, MD 21409
(39.01338, -76.4046716)"
07/31/2016 12:00:00 AM,BHT,"2,513,089","1,727,029",69%,,"1200 Frankfurst
Baltimore, MD 21226
(39.240612, -76.587157)"
07/31/2016 12:00:00 AM,JFK,"1,540,685","1,006,075",65%,,"1 Turnpike
Perryville, MD 21903
(39.589249, -76.072845)"
07/31/2016 12:00:00 AM,HWN,"347,511","182,311",63%,,"9665 Orland Park Rd
Newburg, MD 20664
(39.122199, -77.188097)"
08/31/2016 12:00:00 AM,BHT,"2,459,603","1,725,131",70%,,"1200 Frankfurst Ave
Baltimore, MD 21226
(39.240612, -76.587157)"
08/31/2016 12:00:00 AM,FMT,"4,205,527","3,057,291",73%,,"3990 Leland Ave
Baltimore, MD 21224
(39.2661, -76.561575)"
08/31/2016 12:00:00 AM,HWN,"332,002","184,611",56%,,"9665 Orland Park Rd
Newburg, MD 20664
(38.364741, -76.9761)"
08/31/2016 12:00:00 AM,HMB,"476,342","435,130",91%,,"6000 Pulaski Hwy
Perryville, MD 21903
(39.567807, -76.073059)"
08/31/2016 12:00:00 AM,WPL,"282,586","163,545",65%,,"850 Revell Hwy
Annapolis, MD 21409
(39.567807, -76.073059)"
08/31/2016 12:00:00 AM,FSK,"1,055,535","816,615",77%,,"303 Authority Drive
Baltimore, Md 21222
(39.230495, -76.510661)"
09/30/2016 12:00:00 AM,FSK,"986,925","765,810",78%,,"303 Authority Drive
Baltimore, MD 21222
(39.230495, -76.510661)"
08/31/2016 12:00:00 AM,JFK,"1,262,219","865,297",67%,,"1 Turnpike
Perrville, Md 21903
(39.589249, -76.072845)"
09/30/2016 12:00:00 AM,BHT,"2,275,398","1,624,505",71%,,"1200 Frankfurst Ave
Baltimore, MD 21226
(39.240612, -76.587157)"
09/30/2016 12:00:00 AM,JFK,"1,262,219","865,297",69%,,"1 Turnpike
Perryville, MD 21903
(39.589249, -76.072845)"
09/30/2016 12:00:00 AM,HWN,"282,586","163,545",56%,,"9665 Orland Park Rd
Newburg, Md 20664
(38.364741, -76.9761)"
09/30/2016 12:00:00 AM,ICC,"2,744,391",,,,"16902 Crabbs Branch Way
Rockville, Md 20855
(38.364741, -76.9761)"
10/31/2016 12:00:00 AM,HWN,"283,204","163,910",58%,,"9665 Orland Park Rd
Newburg, MD 20644
(38.122199, -77.188097)"
10/31/2016 12:00:00 AM,WPL,"1,117,573","778,649",70%,,"850 Revell Hwy
Annapolis, MD 21409
(39.01338, -76.406716)"
11/30/2016 12:00:00 AM,WPL,"1,046,604","736,483",70%,,"850 Revell Hwt
Annapolis, MD 21409
(39.01338, -76.406716)"
11/30/2016 12:00:00 AM,BHT,"2,321,617","1,681,752",72%,,"200 Frankfurst Ave
Baltimore, Ms 21226
(39.240612, -76.587157)"
11/30/2016 12:00:00 AM,FMT,"3,783,175","2,823,028",75%,,"3990 Leland Ave
Baltimore, Md 21224
(39.2661, -76.561575)"
11/30/2016 12:00:00 AM,FSK,"931,147","728,346",78%,,
11/30/2016 12:00:00 AM,JFK,"1,304,290","923,787",71%,,"1 Turnpike
Perryville, MD 21903
(39.589249, -76.072845)"
11/30/2016 12:00:00 AM,HMB,"419,157","390,411",93%,,"6000 Pulaski Hwy
Perryville, MD 21903
(39.567807, -76.073059)"
11/30/2016 12:00:00 AM,HWN,"286,742","163,388",57%,,"9665 Orland Park Rd
Newburg, MD 20664
(38.364741, -77.188097)"
11/30/2016 12:00:00 AM,ICC,"2,717,232",,,data not available,"16902 Crabbs Branch Way
Rockville, MD 20855
(39.122199, -77.788097)"
12/31/2016 12:00:00 AM,HMB,"414,785","387,475",93%,,"6000 Pulaski Hwy
Perryville, MD 21905
(39.567807, -76.073059)"
12/31/2016 12:00:00 AM,BHT,"2,327,689","1,678,418",72%,,"1200 Frankfurst Ave
Baltimore, MD 21226
(39.24012, -76.578157)"
12/31/2016 12:00:00 AM,FSK,"936,698","726,987",78%,,"303 Authority Drve
Baltimore, MD 21226
(39.230495, -76.0)"
12/31/2016 12:00:00 AM,FMT,"3,727,549","2,764,053",74%,,"3990 Leland Ave
Baltimore, MD 21224
(39.240612, -76.587157)"
12/31/2016 12:00:00 AM,WPL,"1,024,278","722,368",71%,,"850 Revell Hwy
Annapolis, MD 21409
(39.01338, -76.9761)"
12/31/2016 12:00:00 AM,HWN,"280,406","161,251",58%,,"9665 Orland Park Rd
Newburg, MD 20664
(38.364741, -76.9761)"
12/31/2016 12:00:00 AM,ICC,"2,679,386",,,,"16902 Crabbs Branch Way
Rockville, MD 20855
(39.122199, -77.188097)"
01/31/2017 12:00:00 AM,HWN,"226,621","139,613",62%,,"9665 Orland Park Rd
Newburg, MD 20664
(38.364741, -76.9761)"
01/31/2017 12:00:00 AM,WPL,"885,649","645,896",94%,,"850 Revell Hwy
Annapolis, MD 21409
(39.01338, -76.9761)"
01/31/2017 12:00:00 AM,FSK,"868,134","691,080",80%,,"303 Authority Drive
Baltimore, MD 21222
(39.230495, -76.510661)"
01/31/2017 12:00:00 AM,ICC,"2,501,607",,,,"19602 Crabbs Branch Way
Rockville, MD 20855
(39.122199, -77.188097)"
01/31/2017 12:00:00 AM,FMT,"3,464,176","2,634,701",73%,,"3990 Leland Ave
Baltimore, MD 21224
(39.2661, -76.561575)"
01/31/2017 12:00:00 AM,JFK,"1,074,197","786,526",73%,,"1 Turnpike
Perryville, MD 21903
(39.589249, -76.072845)"
01/31/2017 12:00:00 AM,HMB,"399,900","375,367",94%,,"6000 Pulaski Hwy
Perryville, MD 21903
(39.567807, -76.073059)"
01/31/2017 12:00:00 AM,BHT,"2,183,145","161,742",72%,,"1200 Frankfurst Ave
Baltimore, MD 21226
(39.240612, -76.587157)"
02/28/2017 12:00:00 AM,BAY,"875,017","633,654",72%,,"850 Revell Hwy
Annapolis, MD 21409
(39.01338, -76.406716)"
02/28/2017 12:00:00 AM,BHT,"2,069,256","1,518,024",73%,,"1200 Frankfurst
Baltimore, MD 21226
(39.240612, -76.587157)"
02/28/2017 12:00:00 AM,FMT,"3,278,046","2,489,921",76%,,"3990 Leland Ave
Baltimore, MD 21226
(39.2661, -76.561575)"
02/28/2017 12:00:00 AM,FSK,"842,213","665,192",79%,,"303 Authority Drive
Baltimore, MD 21224
(39.230495, -76.510661)"
02/28/2017 12:00:00 AM,JFK,"1,005,860","739,407",74%,,"1 Turnpike
Perryville, MD 21903
(39.589249, -76.072845)"
02/28/2017 12:00:00 AM,HMB,"378,667","355,567",94%,,"6000 Pulaski Hwy
Perryville, MD 21903
(39.567807, -76.073059)"
02/28/2017 12:00:00 AM,HWN,"221,568","135,965",61%,,"9665 Orland Park Rd
Newburg, MD 20664
(38.364741, -76.9461)"
03/31/2017 12:00:00 AM,ICC,"2,593,573",,,,"16902 Crabbs Branch Way
Rockville, MD 20855
(39.122199, -77.188097)"
03/31/2017 12:00:00 AM,HWN,"262,856","159,646",61%,,"9665 Orland Park Rd
Newburg, MD 20664
(38.364741, -76.9761)"
02/28/2017 12:00:00 AM,ICC,"2,297,823",,,,"16902 Crabbs Branch Way
Rockville, MD 20855
(39.122199, -77.188097)"
03/31/2017 12:00:00 AM,WPL,"1,000,794","772,102",72%,,"850 Revell Hwy
Annapolis, MD 21409
(39.01338, -76.406716)"
03/31/2017 12:00:00 AM,BHT,"2,346,841","1,706,933",73%,,"1200 Frankfurst Ave
Baltimore, MD 21226
(39.240612, -76.587157)"
03/31/2017 12:00:00 AM,FMT,"3,720,317","2,806,092",75%,,
03/31/2017 12:00:00 AM,FSK,"957,732","751,907",79%,,"303 Authority Drive
Baltimore, MD 21222
(39.230495, -76.510661)"
03/31/2017 12:00:00 AM,JFK,"1,193,740","867,171",73%,,"1 Turnpike
Perryville, MD 21903
(39.589249, -76.072845)"
03/31/2017 12:00:00 AM,HMB,"423,952","396,767",94%,,"6000 Pulaski Hwy
Perryville, Md 21903
(39.589146, -76.073059)"
07/31/2017 12:00:00 AM,BHT,"2,470,528","1,727,172",70%,,"1200 Frankfrust Ave
Baltimore, MD 21226
(39.240612, -76.587157)"
07/31/2017 12:00:00 AM,HMB,"437,676","399,769",91%,,"6000 Pulaski Hwy
Perryville, MD 21903
(39.567807, -76.073059)"
07/31/2017 12:00:00 AM,FMT,"3,981,868","2,868,490",72%,,"3990 Leland Ave
Baltimore, MD 21224
(39.261, -76.561575)"
07/31/2017 12:00:00 AM,FSK,"997,732","757,211",76%,,"303 Authority Drive
Baltimore, MD 21222
(39.230495, -76.510661)"
07/31/2017 12:00:00 AM,JFK,"1,525,580","1,047,996",69%,,"1 Turnpike Hwy
Perville, MD 21903
(29.589249, -0.76)"
07/31/2017 12:00:00 AM,WPL,"1,360,743","869,619",64%,,"850 Revell Hwy
Annapolis, MD 21409
(39.01338, -76.406716)"
07/31/2017 12:00:00 AM,HWN,"333,723","180,786",54%,,"9665 Orland Park Rd
Newburg, MD 20664
(38.364741, -76.9761)"
08/31/2017 12:00:00 AM,ICC,"2,940,376",,,,
07/31/2017 12:00:00 AM,ICC,"2,798,223",,,,"16902 Crabbs Branch Way
Rockville, MD 20855
(39.122199, -77.188097)"
08/31/2017 12:00:00 AM,JFK,"1,515,695","1,066,929",71%,,"1 Turnpike
Perryville, MD 21903
(39.589249, -76.072845)"
08/31/2017 12:00:00 AM,HMB,"462,887","427,439",92%,,"6000 Pulaski Hwy
Perryville, MD 21903
(39.567807, -76.073059)"
08/31/2017 12:00:00 AM,WPL,"1,360,743","9,728",67%,,"850 Revell Hwy
Annapolis, MD 21409
(39.01338, -76.406716)"
08/31/2017 12:00:00 AM,HWN,"335,514","192,449",57%,,"9665 Orland Park Rd
Newburg, MD 20664
(38.364741, -76.9761)"
09/30/2017 12:00:00 AM,HWN,"1,181,241","803,148",57%,,"9665 Orland Park Rd
Newburg, MD 20664
(38.364741, -76.9761)"
09/30/2017 12:00:00 AM,ICC,"2,662,913",,,,"19602 Crabbs Branch Way
Rockville, MD 20855
(39.122199, -77.188097)"
08/31/2017 12:00:00 AM,BHT,"2,570,155","1,853,672",72%,,"1200 Frankfurst Ave
Baltimore, MD 21226
(39.240612, -76.587157)"
08/31/2017 12:00:00 AM,FMT,"4,107,152","3,050,945",74%,,"3990 Leland Ave
Baltimore, MD 21224
(39.2661, -76.561575)"
08/31/2017 12:00:00 AM,FSK,"1,073,934","831,244",77%,,"303 Authority Ave
Baltimore, MD 21222
(39.230495, -76.510661)"
09/30/2017 12:00:00 AM,FMT,"3,713,619","2,768,179",74%,,"3990 Leland Ave
Baltimore, MD 21224
(39.2661, -76.561575)"
09/30/2017 12:00:00 AM,FSK,"993,348","768,651",77%,,"303 Authority Drive
Baltimore MD, 2122
(39.230495, -76.510661)"
09/30/2017 12:00:00 AM,JFK,"1,287,960","908,916",71%,,"1 Turnpike
Perryville, MD 21903
(39.589249, -76.072845)"
09/30/2017 12:00:00 AM,HMB,"426,736","397,984",92%,,"6000 Pulaski Hwy
Perryville, MD 21903
(39.567807, -76.073059)"
09/30/2017 12:00:00 AM,WPL,"282,279","164,723",67%,,"850 Revell Hwy
Annapolis, MD 21409
(39.01338, -76.406716)"
09/30/2017 12:00:00 AM,BHT,"2,345,017","1,686,336",72%,,"1200 Frankfurst Ave
Baltimore, MD 21226
(39.240612, -76.587157)"
04/30/2017 12:00:00 AM,BHT,"2,404,031","1,720,915",72%,,"1200 Frankfurst Ave
Baltimore, MD 21226
(39.240612, -76.587157)"
04/30/2017 12:00:00 AM,WPL,"1,114,501","774,404",69%,,"850 Revell Hwy
Annapolis, Md 21409
(39.01338, -76.406716)"
04/30/2017 12:00:00 AM,FMT,"3,906,272","2,906,706",74%,,"3990 Leland Ave
Baltimore, MD 21224
(39.2661, -76.561575)"
04/30/2017 12:00:00 AM,FSK,"974,262","750,242",77%,,"303 Authority Drive
Baltimore, MD 21222
(39.230495, -76.510661)"
04/30/2017 12:00:00 AM,JFK,"1,427,848","1,029,911",72%,,"1 Turnpike
Perryville, MD 21903
(39.589249, -76.072845)"
04/30/2017 12:00:00 AM,HMB,"432,023","399,796",93%,,"6000 Pulaski Hwy
Perryville, MD 21903
(39.567807, -76.073059)"
04/30/2017 12:00:00 AM,HWN,"292,438","168,314",58%,,"9665 Orland Park Rd
Newburg, MD 20664
(38.364741, -76.9761)"
04/30/2017 12:00:00 AM,ICC,"2,775,969",,,,"16902 Crabbs Branch Way
Rockville, Md 20855
(39.122199, -77.188097)"
05/31/2017 12:00:00 AM,JFK,"1,405,487","1,008,356",72%,,"1 Turnpike
Perryville, MD 21903
(39.589249, -76.072845)"
05/31/2017 12:00:00 AM,HMB,"452,747","420,428",93%,,"6000 Pulaski Hwy
Perryville, MD 21903
(39.567807, -76.073059)"
05/31/2017 12:00:00 AM,WPL,"1,211,567","834,441",69%,,"850 Revell Hwy
Annapolis, MD 21409
(39.01338, -76.406716)"
05/31/2017 12:00:00 AM,HWN,"303,067","176,073",58%,,"9665 Orland Park Rd
Newburg, MD 20664
(38.364741, -76.9761)"
05/31/2017 12:00:00 AM,BHT,"2,443,303","1,763,329",50%,,"1200 Frankfurst Ave
Baltimore, MD 21226
(39.240612, -76.587157)"
05/31/2017 12:00:00 AM,FMT,"4,012,555","2,998,278",75%,,"3990 Leland Ave
Baltimore, MD 21224
(39.2661, -76.561575)"
05/31/2017 12:00:00 AM,FSK,"1,050,514","814,474",78%,,"303 Authority Drive
Baltimore, MD 21222
(39.230495, -76.510661)"
05/31/2017 12:00:00 AM,ICC,"3,082,485",,,,"16902 Crabbs Branch Way
Rockville, MD 20855
(39.122199, -77.188097)"
06/30/2017 12:00:00 AM,BHT,"2,458,302","1,755,345",71%,,"1200 Frankfurst Ave
Baltimore, MD 21226
(39.240612, -76.587157)"
06/30/2017 12:00:00 AM,FMT,"3,961,124","2,910,837",73%,,"3990 Leland Ave
Baltimore, MD 21224
(39.2661, -76.561575)"
06/30/2017 12:00:00 AM,FSK,"1,069,266","819,837",77%,,"303 Authority Drive
Baltimore, MD 21222
(39.230495, -76.510661)"
06/30/2017 12:00:00 AM,JFK,"1,427,124","819,177",70%,,"1 Turnpike
Perrville, MD 21903
(39.589249, -76.072845)"
06/30/2017 12:00:00 AM,HMB,"445,759","997,410",92%,,"6000 Pulaski Hwy
Perryville, MD 21903
(39.567807, -76.073059)"
06/30/2017 12:00:00 AM,WPL,"1,349,229","411,616",66%,,"850 Revell Hwy
Annapolis, MD 21409
(39.01338, -76.406716)"
06/30/2017 12:00:00 AM,HWN,"328,145","897,027",56%,,"9665 Orland Park Rd
Newburg, MD 20664
(38.364741, -76.9761)"
06/30/2017 12:00:00 AM,ICC,"2,818,406","1,985,197",,,"16902 Crabbs Branch Way
Newburg, MD 20664
(38.364741, -77.188097)"
